name,average_score,best_score,games_played,fastest_time,total_correct,total_incorrect
Monica,26.7630032813037,26.7630032813037,1,16.81425642967224,9,1
Rob,21.91785965258468,22.68571569369232,2,19.836270809173584,19,1
Pedro,19.985262759469393,20.108011603696653,2,20.138437747955322,18,2
