name,average_score,best_score,games_played,fastest_time,total_correct,total_incorrect
Monica,26.7630032813037,26.7630032813037,1,16.81425642967224,9,1
Pedro,19.985262759469393,20.108011603696653,2,20.138437747955322,18,2
Rob,16.414480296331487,22.68571569369232,5,2.8892788887023926,29,21
,0.0,0.0,1,2.2190091609954834,0,10
